{
  "ablation_results": {
    "0.5": 0.9166666666666666,
    "1.0": 0.9433333333333334,
    "2.0": 0.9033333333333333
  },
  "direction_dim": 1536,
  "direction_dtype": "float16",
  "summary": {
    "baseline": 0.89,
    "ablation": {
      "0.5": 0.9166666666666666,
      "1.0": 0.9433333333333334,
      "2.0": 0.9033333333333333
    }
  }
}